id,NO,SAMPLE_ID,code,DB,Foodname1, One_timesupply,energy,Protein,Fat,Carbohydrate,Totalsugars,Foodname2
1,1,D000006-94-AVG,D000006,?Œì‹,ê¿©ë¶ˆê³ ê¸°,500,368.8,33.5,8.5,39.7,16.9,Pheasant Bulgogi
2,2,D000007-ZZ-AVG,D000007,?Œì‹,??°ˆë¹?400.0,595.6,45.9,25.8,44.9,21.2,0,Spicy grilled chicken
3,3,D000008-66-AVG,D000008,?Œì‹,??°ˆë¹?300.0,558.5,45.5,31.6,23.1,8.5,0,Spicy grilled chicken
4,4,D000009-ZZ-AVG,D000009,?Œì‹,??¼¬ì¹?70.0,176.7,11.6,8.6,13.3,3.2,0,Chicken kebabs
5,5,D000010-ZZ-AVG,D000010,?Œì‹,?”ë•êµ¬ì´,100,184,3.1,5.2,31.1,11.6,Grilled deodeok
6,6,D000011-ZZ-AVG,D000011,?Œì‹,?„ë?êµ¬ì´,250,397,61.1,16.5,2.1,0,Grilled sea bream
7,7,D000012-95-AVG,D000012,?Œì‹,?¼ì?ê°ˆë¹„,100,240.3,19.5,14.4,8.1,4.5,Pork ribs
8,8,D000015-ZZ-AVG,D000015,?Œì‹,ë³‘ì–´êµ¬ì´,250,488,54.6,30.8,0.2,0,Grilled ectopus
9,9,D000016-96-AVG,D000016,?Œì‹,ë¶ˆê³ ê¸?150.0,395.3,34.4,25.2,7.8,7.9,0,Bulgogi
10,10,D000017-05-AVG,D000017,?Œì‹,ë¶•ì¥?´ì†Œê¸ˆêµ¬??100.0,296.5,26,16.2,11.6,0.4,0,Grilled eel salt
11,11,D000020-ZZ-AVG,D000020,?Œì‹,?Œì–‘?ê°ˆë¹„êµ¬??300.0,989.2,60.1,71.6,26.2,13.9,0,Grilled beef marinated ribs
12,12,D000021-97-AVG,D000021,?Œì‹,?‘ë…?•ê°ˆë¹?150.0,480.8,27.1,35.3,13.7,6.8,0,Marinated king ribs
13,13,D000022-ZZ-AVG,D000022,?Œì‹,?‘ë…?¥ì–´êµ¬ì´,150,433.4,30.8,30.6,8.8,4.2,Grilled eel with sauce
14,14,D000023-ZZ-AVG,D000023,?Œì‹,?„ì—°?˜êµ¬??250.0,494,53.8,29.4,3.5,0,0,Grilled Lim Yeonsu
15,15,D000024-10-AVG,D000024,?Œì‹,ì§šë¶ˆêµ¬ì´ê³°ì¥??200.0,326.2,42.7,16.2,2.3,1.2,0,Straw-infested with straw
16,16,D000025-ZZ-AVG,D000025,?Œì‹,?„ë²„ê·¸ìŠ¤?Œì´??200.0,457.7,27,29.6,20.8,5.3,0,Hamburger steak
17,17,D000026-ZZ-AVG,D000026,?Œì‹,?©íƒœêµ¬ì´,200,437.6,47.8,15.4,26.9,14.2,Grilled Dried Pollack
18,18,D000027-ZZ-AVG,D000027,?Œì‹,?ˆì œ?¤ë¦¬,250,797.1,43.1,64.1,12.1,0.3,Smoked duck
19,19,D000028-68-AVG,D000028,?Œì‹,ê²Œêµ­ì§€,1100,415.3,44.9,12.1,31.7,10.8,crab soup
20,20,D000029-98-AVG,D000029,?Œì‹,ê³°ì¹˜êµ?1000.0,419.3,54.3,11.8,23.9,2.8,0,Beef Bone Soup
21,21,D000030-ZZ-AVG,D000030,?Œì‹,êµ´êµ­ë°?650.0,683,42.4,17.8,88.4,0.3,0,Oyster rice soup
22,22,D000032-ZZ-AVG,D000032,?Œì‹,ê¹€ì¹˜êµ­,450,89,5.4,2.8,10.5,2.9,Kimchi soup
23,23,D000036-ZZ-AVG,D000036,?Œì‹,?¡ë§Œ?£êµ­,700,624.9,20.1,11.3,110.7,0.2,Rice cake dumpling soup
24,24,D000037-ZZ-AVG,D000037,?Œì‹,ë§Œë‘£êµ?700.0,434,21.4,17.4,47.8,3,0,dumpling soup
25,25,D000038-ZZ-AVG,D000038,?Œì‹,ë§‘ì?ê°ìêµ?700.0,221,8.3,5.5,34.6,5.2,0,a clear potato mark
26,26,D000039-99-AVG,D000039,?Œì‹,ë§¤ìƒ?´êµ­,500,119,10,2.8,13.4,0.4,Seaweed soup
27,27,D000040-ZZ-AVG,D000040,?Œì‹,ë¬´ëœ?¥êµ­,450,104,6.1,2.4,14.7,5.9,Radish soybean paste soup
28,28,D000041-ZZ-AVG,D000041,?Œì‹,ë¯¸ì†Œ?œì¥êµ?150.0,38,2.8,1.8,2.8,0.7,0,Miso Soy Bean Paste Soup
29,29,D000044-ZZ-AVG,D000044,?Œì‹,ë°”ì??½ì¡°ê°œêµ­,550,157,22,3.1,10.1,1.3,clam country
30,30,D000046-ZZ-AVG,D000046,?Œì‹,ë¼ˆë‹¤ê·€?´ì¥êµ?1000.0,714,74.6,35.7,23.4,5.7,Bone hangover soup,
31,31,D000047-ZZ-AVG,D000047,?Œì‹,? ì??´ì¥êµ?1000.0,312,49.3,5.4,16.7,3.9,ox blood hangover soup,
32,32,D000049-ZZ-AVG,D000049,?Œì‹,?Œê³ ê¸°ë¬´êµ?400.0,123,14.2,4,7.8,3.5,Beef Radish Soup,
33,33,D000050-ZZ-AVG,D000050,?Œì‹,?Œê³ ê¸°ë???µ­,650,151,18.1,5.3,7.7,0,Beef seaweed soup
34,34,D000052-ZZ-AVG,D000052,?Œì‹,?œë?êµ?800.0,540.3,43.5,33,17.3,0,Sundae soup,
35,35,D000054-ZZ-AVG,D000054,?Œì‹,?œë˜ê¸°ëœ?¥êµ­,450,99,6.7,3.1,11,1.3,Dried soybean paste soup
36,36,D000060-101-AVG,D000060,?Œì‹,?¬ê°±?´êµ­,600,144.3,13.7,4.2,13,1.6,Tadpole soup
37,37,D000062-ZZ-AVG,D000062,?Œì‹,?°ê±°ì§€?´ì¥êµ?600.0,154.4,11.9,5.9,13.5,2.5,0,Wogeo hangover soup
38,38,D000063-ZZ-AVG,D000063,?Œì‹,?°ë ?œì¥êµ?500.0,245,24.6,7.7,19.2,3.6,0,Soybean paste soup with snails
39,39,D000064-ZZ-AVG,D000064,?Œì‹,?•êµ­,250,92.2,13.2,4.3,0.2,0.1,soup soup
40,40,D000066-ZZ-AVG,D000066,?Œì‹,?í•©ë¯¸ì—­êµ?650.0,167,19.7,4.7,11.6,0,0,Mussel seaweed soup
41,41,D000067-ZZ-AVG,D000067,?Œì‹,?©íƒœ?´ì¥êµ?600.0,181.7,24.5,6.8,5.7,1.5,0,Dried Pollack Hangover Soup
42,42,D000068-ZZ-AVG,D000068,?Œì‹,ê³ ì¶”?¡ì±„,200,256.8,11,12,26.2,2.1,Red pepper japchae
43,43,D000070-ZZ-AVG,D000070,?Œì‹,?œì?„ìŠ¤,200,346.2,21.6,20.3,19.1,0.5,Ovranjawans
44,44,D000071-26-AVG,D000071,?Œì‹,?„í† ë¦¬ë¬µë§ì´,1300,462.4,6.8,8.5,89.7,6.3,Acorn mukmal
45,45,D000072-ZZ-AVG,D000072,?Œì‹,?¼ì¡°ê¸?200.0,399,20.7,23.5,26.2,0.2,0,Lazogi
46,46,D000074-72-AVG,D000074,?Œì‹,ë¬¼íšŒ,700,529.4,34.4,18.9,55.3,20,Cold Raw Fish Soup
47,47,D000075-ZZ-AVG,D000075,?Œì‹,?ì„ ë¬¼íšŒ,800,578,34.3,12.3,82.5,52,Raw fish soup
48,48,D000076-ZZ-AVG,D000076,?Œì‹,?Œê³ ê¸°ìƒ¤ë¸Œìƒ¤ë¸?600.0,263.8,29.1,9.8,14.7,2.4,Beef shabu shabu,
49,49,D000079-39-AVG,D000079,?Œì‹,?¤ì§•?´ìˆœ?€,350,466.9,45.7,5.6,58.3,0.4,Squid sundae
50,50,D000081-01-AVG,D000081,?Œì‹,ì´ˆë‹¹?œë‘ë¶€,900,522.7,49.1,29.2,15.8,0.9,Soft tofu per second
51,51,D000085-ZZ-AVG,D000085,?Œì‹,?´íŒŒë¦¬ëƒ‰ì±?150.0,91,6.2,1.4,13.4,11.4,0,Chilled jellyfish salad
52,52,D000087-ZZ-AVG,D000087,?Œì‹,ê³ ë“¤ë¹¼ê¸°,50,55.5,1.6,0.6,10.9,2.8,No Goblet
53,53,D000097-ZZ-AVG,D000097,?Œì‹,?´ë¬´?¼ê°ˆ?´ê?ì¹?50.0,17.7,1.1,0.3,2.6,0.5,0,young radish kimchi
54,54,D000105-ZZ-AVG,D000105,?Œì‹,ë¯¸ë‚˜ë¦¬ë‚˜ë¬?50.0,29.5,1,1.8,2.2,0,0,Water parsley
55,55,D000109-ZZ-AVG,D000109,?Œì‹,ì·¨ë‚˜ë¬?50.0,74.1,1.4,6.2,3.3,0,0,Chwinamul
56,56,D000110-ZZ-AVG,D000110,?Œì‹,ì½©ë‚˜ë¬?50.0,25.3,1.7,1.6,0.9,0,0,Bean sprouts
57,57,D000112-ZZ-AVG,D000112,?Œì‹,ê²½ë‹¨(ê¹?,100,319.5,4.4,0.5,74.2,26.6,Hardwood (Sesames)
58,58,D000113-ZZ-AVG,D000113,?Œì‹,ê²½ë‹¨(ì½?,100,314.3,3.5,0.5,74,20.6,Hardwood (Beans)
59,59,D000114-ZZ-AVG,D000114,?Œì‹,ê¸°í”¼??100.0,220,5.4,0.2,49,2.1,0,Avoiding episode
60,60,D000116-ZZ-AVG,D000116,?Œì‹,?¹ë‘?œë£¨??100.0,246.1,7.7,2.5,48.1,4,0,mung bean sirutteok
61,61,D000117-ZZ-AVG,D000117,?Œì‹,ë©”ë??„ë³‘,100,167.8,6.2,6.3,21.6,0.6,Buckwheat Crepe
62,62,D000119-ZZ-AVG,D000119,?Œì‹,ë¬´ì?ê°œë–¡,100,229,3.5,0.3,53,9,Rainbow rice cake
63,63,D000121-ZZ-AVG,D000121,?Œì‹,?¡í¸(ê¹?,100,224.1,4.9,2.7,45,1.1,Songpyeon (Sesames)
64,64,D000122-ZZ-AVG,D000122,?Œì‹,?¡í¸(ì½?,100,194.3,5.2,0.7,41.7,1.3,Songpyeon (Beans)
65,65,D000123-ZZ-AVG,D000123,?Œì‹,?˜ìˆ˜ë¶€ê¾¸ë?,100,247.9,5.7,6.3,42.1,0.2,sorghum buggumi
66,66,D000124-ZZ-AVG,D000124,?Œì‹,?˜ìˆ˜?¥ë–¡,100,204.2,6.7,0.6,43,2.8,sorghum red bean rice cake
67,67,D000125-ZZ-AVG,D000125,?Œì‹,?œë£¨??100.0,217.5,5.5,0.6,47.5,3.2,0,Sirutteok
68,68,D000126-ZZ-AVG,D000126,?Œì‹,?¥ë–¡,100,248.6,3.4,0.4,57.9,10.7,mugwort rice cake
69,69,D000129-ZZ-AVG,D000129,?Œì‹,?ˆí¸,100,192.9,3.6,0.3,43.9,0.1,Pickle
70,70,D000131-ZZ-AVG,D000131,?Œì‹,ì°¹ì???100.0,276.9,3.3,0.2,65.6,17.5,0,Rice pancake
71,71,D000136-ZZ-AVG,D000136,?Œì‹,ê°„ì??650.0,824.5,22.3,22,134.2,12.2,0,Ganjajang
72,72,D000137-ZZ-AVG,D000137,?Œì‹,êµ´ì§¬ë½?900.0,680.7,32.9,9.6,115.7,1.7,0,Oyster jjamppong
73,73,D000138-ZZ-AVG,D000138,?Œì‹,ê¸°ìŠ¤ë©?1000.0,606.9,37.8,10.7,89.8,0.5,0,gis cotton
74,74,D000139-ZZ-AVG,D000139,?Œì‹,ê¹€ì¹˜ë¼ë©?650.0,552,13.8,16.9,86.2,1.2,0,Kimchi ramen
75,75,D000140-ZZ-AVG,D000140,?Œì‹,ê¹€ì¹˜ìš°??800.0,500.2,15.5,4.6,99.1,2.1,0,Kimchi udon
76,76,D000141-ZZ-AVG,D000141,?Œì‹,?‰ê?ì¹˜ë§?´êµ­??600.0,302.5,12.9,4.8,52,8.3,0,Cold Kimchi Rolled Noodle
77,77,D000142-ZZ-AVG,D000142,?Œì‹,??¹¼êµ?ˆ˜,900,663,42.2,12.8,94.7,5.3,Chicken kalguksu
78,78,D000143-ZZ-AVG,D000143,?Œì‹,?˜ê¹¨ì¹¼êµ­??600.0,457.9,17.6,16.5,59.8,1.4,0,Dulgekalguksu
79,79,D000147-102-AVG,D000147,?Œì‹,ë§‰êµ­??1000.0,571.6,20,5.8,109.8,9.4,0,Mak noodle
80,80,D000152-ZZ-AVG,D000152,?Œì‹,?¼ì„ ?°ë™,1000,691.7,47.9,8.5,105.9,0.8,Three-line udon
81,81,D000153-ZZ-AVG,D000153,?Œì‹,?¼ì„ ?ì¥ë©?700.0,803.9,33.6,18.1,126.5,10.2,0,a three-line jajangmyeon
82,82,D000154-ZZ-AVG,D000154,?Œì‹,?¼ì„ ì§¬ë½•,900,662.4,39.6,10.8,101.7,1.1,Spicy Seafood Noodles with Pork Sliced Spicy Seafood Noodles
83,83,D000156-ZZ-AVG,D000156,?Œì‹,?€êµ?ˆ˜,600,320.3,15.6,4.2,55.1,4.3,Rice noodle
84,84,D000157-ZZ-AVG,D000157,?Œì‹,?´ë¬´ê¹€ì¹˜êµ­??800.0,431,15,10.2,69.6,18.6,0,Yeolmu Kimchi Noodles
85,85,D000158-ZZ-AVG,D000158,?Œì‹,?´ë¬´?‰ë©´,800,525.5,20.8,5.8,97.5,27.1,Cold noodles with young radish
86,86,D000159-ZZ-AVG,D000159,?Œì‹,?¤ì¼?ŒìŠ¤?¤íŒŒê²Œí‹°,400,646.7,19.6,23.4,89.4,1.4,Oil Sauce Spaghetti
87,87,D000160-103-AVG,D000160,?Œì‹,?¬ê°±?´êµ­??1500.0,566,11.2,8.3,111.6,18.6,0,tadpole noodles
88,88,D000161-ZZ-AVG,D000161,?Œì‹,?°ë™(?¼ì‹),700,421.5,13.4,7.9,74.2,2.5,Udon (Japanese)
89,89,D000162-ZZ-AVG,D000162,?Œì‹,?°ë™(ì¤‘ì‹),1000,648.5,29.5,21,85.4,1.1,Udon (Chinese)
90,90,D000163-ZZ-AVG,D000163,?Œì‹,?¸ë©´,1000,728.9,37.5,7.4,128.2,0.5,Crying noodles
91,91,D000164-ZZ-AVG,D000164,?Œì‹,?ì¥ë©?650.0,796.5,19.8,20.3,133.6,7.8,0,Jajangmyeon
92,92,D000167-ZZ-AVG,D000167,?Œì‹,ì§¬ë½•?¼ë©´,750,689,21.3,26.3,92,1.6,Spicy Seafood Noodles
93,93,D000169-ZZ-AVG,D000169,?Œì‹,ì¹˜ì¦ˆ?¼ë©´,600,595,16.8,23,80,0.9,Cheese ramen
94,94,D000171-ZZ-AVG,D000171,?Œì‹,?¬ë¦¼?ŒìŠ¤?¤íŒŒê²Œí‹°,400,837.6,21.8,50.6,73.8,9.2,Cream sauce spaghetti
95,95,D000172-ZZ-AVG,D000172,?Œì‹,? ë§ˆ? ì†Œ?¤ìŠ¤?Œê²Œ??500.0,642.6,24.3,19.2,93.2,15.6,0,Tomato sauce spaghetti
96,96,D000173-ZZ-AVG,D000173,?Œì‹,?´ë¬¼ì¹¼êµ­??900.0,628.3,22.8,4.6,123.9,3.8,0,Seafood kalguksu
97,97,D000174-ZZ-AVG,D000174,?Œì‹,?´ë¬¼?¬ë¦¼?ŒìŠ¤?¤íŒŒê²Œí‹°,500,917.6,30.4,49.8,87,8.4,Seafood Cream Sauce Spaghetti
98,98,D000175-ZZ-AVG,D000175,?Œì‹,?´ë¬¼? ë§ˆ? ì†Œ?¤ìŠ¤?Œê²Œ??500.0,584.4,28,13.7,87.2,13.5,0,Seafood tomato sauce spaghetti
99,99,D000178-ZZ-AVG,D000178,?Œì‹,ê³¨ë±…?´ë¬´ì¹?100.0,108.8,7.1,2,15.7,10.5,0,Seasoned whelk
100,100,D000180-ZZ-AVG,D000180,?Œì‹,?¸ê°ë¬´ì¹¨,150,84,2.6,1.8,14.3,7.1,Seasoned Dried Pollack
101,101,D000181-ZZ-AVG,D000181,?Œì‹,?¨ë¬´ì§€ë¬´ì¹¨,50,20,0.5,0.8,2.8,0.7,Seasoned pickled radish
102,102,D000182-ZZ-AVG,D000182,?Œì‹,?¬ë˜?˜ë¬¼ë¬´ì¹¨,150,136,4,2.8,23.8,11.2,Salted wild chive vegetables
103,103,D000183-ZZ-AVG,D000183,?Œì‹,?”ë•ë¬´ì¹¨,150,216,4.3,2.8,43.4,20.2,seasoned deodeok
104,104,D000185-ZZ-AVG,D000185,?Œì‹,?„í† ë¦¬ë¬µ,100,45.6,0.3,0.3,10.4,0.4,Acorn jello
105,105,D000190-55-AVG,D000190,?Œì‹,ë°´ëŒ•?´ë¬´ì¹?400.0,600,29.8,33,46,27,0,Seasoned Banding
106,106,D000194-45-AVG,D000194,?Œì‹,?œë??Œë¬´ì¹?300.0,315.2,22.6,4.6,45.9,22.3,0,Seasoned raw fish with vinegar
107,107,D000195-ZZ-AVG,D000195,?Œì‹,?¥ê°“?˜ë¬¼ë¬´ì¹¨,150,96,4.5,5.7,6.6,0.3,Seasoned crown daisies with vegetables
108,108,D000198-ZZ-AVG,D000198,?Œì‹,?°ê±°ì§€?˜ë¬¼ë¬´ì¹¨,150,129,4.5,8.5,8.7,1.5,Seasoned vegetables with vegetables
109,109,D000200-ZZ-AVG,D000200,?Œì‹,ì¥ì¹˜ì±?20.0,55.9,2.8,0.1,10.9,4.6,0,Dried filefish and vegetables
110,110,D000201-ZZ-AVG,D000201,?Œì‹,ì²?¬ë¬µë¬´ì¹?250.0,149,2.9,5.2,22.7,1.8,0,green foam mukchim
111,111,D000202-ZZ-AVG,D000202,?Œì‹,?•í‰ì±?100.0,97.5,3.6,3.8,12.3,0.4,0,Tangpyeongchae
112,112,D000205-ZZ-AVG,D000205,?Œì‹,?ì–´ë¬´ì¹¨,200,198.9,17.9,2.6,26,14.5,seasoned skate
113,113,D000206-ZZ-AVG,D000206,?Œì‹,ê³ ì¶”?¥ë¶ˆê³ ê¸° ?¼ê°ê¹€ë°?100.0,165.3,3.7,1.6,34.1,0.2,0,Red pepper paste bulgogi triangular kimbap
114,114,D000207-103-AVG,D000207,?Œì‹,ê³¤ë“œ?ˆë‚˜ë¬¼ë°¥,350,521.8,10.3,9.5,98.9,0,Seasoned Thistle with Rice
115,115,D000208-104-AVG,D000208,?Œì‹,êµ?°¥,800,418.4,27.6,8.2,58.6,0.4,Rice soup
116,116,D000212-ZZ-AVG,D000212,?Œì‹,?ì–´ì´ˆë°¥,250,396.7,17.4,1.3,78.7,13,Sushi with rice balls and fish
117,117,D000213-105-AVG,D000213,?Œì‹,?¼ì?êµ?°¥,1200,911.4,66.4,38.6,74.7,0,Pork and Rice Soup
118,118,D000214-ZZ-AVG,D000214,?Œì‹,ë¥˜ì‚°?¬ë®ë°?550.0,575,27,19,73.9,0.4,0,Rice with Ryusanseul
119,119,D000215-02-AVG,D000215,?Œì‹,ë©ê²Œë¹„ë¹”ë°?400.0,547.2,16.6,13.1,90.7,16.7,0,sea squirt bibimbap
120,120,D000216-ZZ-AVG,D000216,?Œì‹,ë©¸ì¹˜ì£¼ë¨¹ë°?150.0,312,9,6.6,54.3,0.9,0,anchovy rice balls
121,121,D000217-106-AVG,D000217,?Œì‹,ë¬µë°¥,950,642.2,14.8,7.7,128.6,15.1,Mukbap
122,122,D000218-ZZ-AVG,D000218,?Œì‹,ë¬¸ì–´ì´ˆë°¥,250,392.2,14.6,0.7,81.8,13.4,Octopus sushi
123,123,D000222-107-AVG,D000222,?Œì‹,ë¹„ë¹”ë°?450.0,691.6,24.6,22,98.7,18.3,0,bibimbap
124,124,D000223-ZZ-AVG,D000223,?Œì‹,?¼ì„ ë³¶ìŒë°?400.0,686.1,26.2,26.5,85.8,1.6,0,Three-line fried rice
125,125,D000225-ZZ-AVG,D000225,?Œì‹,?ˆìš°ì´ˆë°¥,250,387.7,16.8,0.8,78.4,11.7,Shrimp sushi
126,126,D000226-ZZ-AVG,D000226,?Œì‹,?ˆìš°?€ê¹€ë¡?300.0,606.5,14.5,18.2,96.3,11.1,0,Fried shrimp roll
127,127,D000227-ZZ-AVG,D000227,?Œì‹,?ëŸ¬?œê?ë°?250.0,405.9,9.6,13.5,61.5,3.4,0,Salad kimbap
128,128,D000228-ZZ-AVG,D000228,?Œì‹,?ì„ ì´ˆë°¥(ê´‘ì–´),300,453.8,27.1,3.9,77.5,7.7,Fish sushi (flatfish)
129,129,D000229-ZZ-AVG,D000229,?Œì‹,?ì„ ì´ˆë°¥(ëª¨ë“¬),300,462,25.4,6.1,76.4,8.6,Fish sushi (collection)
130,130,D000230-ZZ-AVG,D000230,?Œì‹,?Œê³ ê¸°êµ­ë°?700.0,330.5,21.8,8.1,42.6,2.8,0,Beef rice soup
131,131,D000231-ZZ-AVG,D000231,?Œì‹,?Œê³ ê¸°ê?ë°?250.0,400.6,16,9.6,62.5,0.8,0,Beef kimbap
132,132,D000232-ZZ-AVG,D000232,?Œì‹,?¡ì´??°¥,600,581.8,18.2,14.1,95.6,2.3,Rice topped with pine mushrooms
133,133,D000233-ZZ-AVG,D000233,?Œì‹,??¶ˆê°ˆë¹„ ?¼ê°ê¹€ë°?100.0,161.2,4,1.7,32.5,0.2,0,Charcoal-grilled ribs triangular kimbap
134,134,D000235-117-AVG,D000235,?Œì‹,?½ì´ˆë¹„ë¹”ë°?400.0,511.8,11.9,15.9,80.2,2.9,0,herbal bibimbap
135,135,D000236-ZZ-AVG,D000236,?Œì‹,?°ì–´ë¡?300.0,510.2,18.6,15.4,74.3,8.5,0,Salmon roll
136,136,D000237-ZZ-AVG,D000237,?Œì‹,?°ì–´ì´ˆë°¥,250,447.3,18.9,9.7,71,12.9,Salmon sushi
137,137,D000238-ZZ-AVG,D000238,?Œì‹,?¤ê³¡ë°?250.0,388.8,12,1.3,82.3,0.2,0,Ogokbap
138,138,D000243-ZZ-AVG,D000243,?Œì‹,?ì¥ë°?500.0,741.7,15.2,22.3,120.1,5.4,0,Black Bean Rice
139,139,D000245-ZZ-AVG,D000245,?Œì‹,?¡íƒ•ë°?750.0,777.4,44.1,20.1,104.9,0.5,0,mixed rice
140,140,D000246-ZZ-AVG,D000246,?Œì‹,?¥ì–´??°¥,400,716.5,30.1,23,97.4,5.6,Rice with Grilled Eel
141,141,D000247-ZZ-AVG,D000247,?Œì‹,?¥ì–´ì´ˆë°¥,250,486.3,16.5,10.8,80.7,13.7,Eel sushi
142,142,D000251-ZZ-AVG,D000251,?Œì‹,ì°¸ì¹˜??°¥,500,679.1,29.2,16.7,102.9,3,Rice topped with tuna
143,143,D000252-ZZ-AVG,D000252,?Œì‹,ì°¸ì¹˜ë§ˆìš”?¤ì¦ˆ ?¼ê°ê¹€ë°?100.0,172.4,3.9,3.2,32,0,0,Tuna mayonnaise triangular kimbap
144,144,D000253-ZZ-AVG,D000253,?Œì‹,ì¶©ë¬´ê¹€ë°?400.0,583.9,23.4,6,109.2,17.2,0,Chungmu Kimbap
145,145,D000256-ZZ-AVG,D000256,?Œì‹,ìº˜ë¦¬?¬ë‹ˆ?„ë¡¤,300,487.6,12.3,9,89.2,8.9,California Roll
146,146,D000258-ZZ-AVG,D000258,?Œì‹,?œì¹˜ì´ˆë°¥,250,374.2,13.7,0.8,77.9,13.1,Cuttlefish sushi
147,147,D000259-ZZ-AVG,D000259,?Œì‹,?´ë¬¼??°¥,700,771.9,42,22.4,100.4,1.2,Rice topped with seafood
148,148,D000260-ZZ-AVG,D000260,?Œì‹,?´ë¬¼ë³¶ìŒë°?400.0,705.2,25.1,27,90.5,1.2,0,Seafood fried rice
149,149,D000261-ZZ-AVG,D000261,?Œì‹,?Œë®ë°?500.0,683,30.2,16.6,103.3,10.9,0,raw fish topped rice
150,150,D000265-ZZ-AVG,D000265,?Œì‹,ê¹»ì?˜ë¬¼ë³¶ìŒ,200,206,7.5,14.4,11.5,0.6,Stir-fried perilla leaves and vegetables
151,151,D000268-ZZ-AVG,D000268,?Œì‹,?¼ì?ê³ ê¸°ë³¶ìŒ,200,350.7,23,20.7,18.2,8.2,Stir-fried pork
152,152,D000269-ZZ-AVG,D000269,?Œì‹,?¼ì?ê»ë°ê¸°ë³¶??150.0,352,25.8,16.7,24.5,5.5,0,Stir-fried pork skin
153,153,D000270-ZZ-AVG,D000270,?Œì‹,?ë?ê¹€ì¹?250.0,288.2,19.5,17.1,14.1,1.5,0,tofu kimchi
154,154,D000273-ZZ-AVG,D000273,?Œì‹,ë¨¸ìœ„?˜ë¬¼ë³¶ìŒ,150,108,3.5,7,7.6,1.8,Stir-fried Mudwish
155,155,D000274-ZZ-AVG,D000274,?Œì‹,ë©¸ì¹˜?‹ê³ ì¶”ë³¶??20.0,52.4,4.7,2.2,3.4,1.4,0,Stir-fried anchovy and green pepper
156,156,D000276-ZZ-AVG,D000276,?Œì‹,?Œì„¸ì§€ë³¶ìŒ,200,471,18.8,29.9,31.8,8.9,Stir-fried sausage
157,157,D000277-ZZ-AVG,D000277,?Œì‹,?œë?ë³¶ìŒ,400,582,20.7,21.3,76.7,5.4,Stir-fried Soondae
158,158,D000278-ZZ-AVG,D000278,?Œì‹,?‘ì†¡?´ë²„??³¶??150.0,136,4.5,8.3,11,1.2,0,Stir-fried mushroom
159,159,D000281-ZZ-AVG,D000281,?Œì‹,?¤ì‚¼ë¶ˆê³ ê¸?200.0,363,25.6,19.9,20.5,7.6,0,Squid and Pork Belly Bulgogi
160,160,D000285-ZZ-AVG,D000285,?Œì‹,ì£¼ê¾¸ë¯¸ë³¶??200.0,211.4,18.3,5.2,22.8,5.1,0,Stir-fried webfoot octopus
161,161,D000286-ZZ-AVG,D000286,?Œì‹,?œê³ ë²„ì„¯ë³¶ìŒ,150,142,4.5,6.7,15.8,2.6,Stir-fried shiitake mushrooms
162,162,D000287-ZZ-AVG,D000287,?Œì‹,?´ë¬¼ë³¶ìŒ,400,419.1,38.2,15.3,32.2,7.4,Stir-fried seafood
163,163,D000288-ZZ-AVG,D000288,?Œì‹,ê³°ë³´ë¹?70.0,277.3,6.3,9.3,42.2,11.7,0,Gombo bread
164,164,D000291-ZZ-AVG,D000291,?Œì‹,ë§Œì£¼,70,222.5,5.1,1.6,46.8,22.5,Manchuria
165,165,D000294-ZZ-AVG,D000294,?Œì‹,ë²„í„°?¬ë¦¼ë¹?60.0,230,4.9,11,27.7,7.2,0,Butter cream bread
166,166,D000297-ZZ-AVG,D000297,?Œì‹,ë¶ˆê³ ê¸°í”¼??200.0,505,27.4,16.7,61.2,9.2,0,Bulgogi pizza
167,167,D000299-ZZ-AVG,D000299,?Œì‹,ì°¸ì¹˜?Œë“œ?„ì¹˜,250,555,23.3,35.1,36.5,10.1,Tuna Sandwich
168,168,D000300-ZZ-AVG,D000300,?Œì‹,ì°¹ì??„ìš°??70.0,207,3.5,3.7,40,12.1,0,Sticky rice doughnut
169,169,D000301-ZZ-AVG,D000301,?Œì‹,ì±„ì†Œê³ ë¡œì¼€,100,300.7,7.1,16.4,31.2,3.4,Vegetable croquette
170,170,D000302-ZZ-AVG,D000302,?Œì‹,ì´ˆì½œë¦¿ì??´í¬,100,420.2,5.3,25,43.6,23.1,Chocolate cake
171,171,D000303-ZZ-AVG,D000303,?Œì‹,ì¹˜ì¦ˆì¼€?´í¬,100,329.1,7.2,20.6,28.6,15.3,Cheesecake
172,172,D000304-ZZ-AVG,D000304,?Œì‹,ì¹˜ì¦ˆ?¼ì,200,553,31.4,15.8,71.2,6.8,Cheese pizza
173,173,D000308-ZZ-AVG,D000308,?Œì‹,?˜ì´?¤íŠ¸ë¦¬ë¹µ,70,319.6,6,18.4,32.5,5.7,Pastry bread
174,174,D000309-ZZ-AVG,D000309,?Œì‹,?˜í¼ë¡œë‹ˆ?¼ì,200,532,29.4,14.8,70.3,7.5,Pepperoni pizza
175,175,D000310-ZZ-AVG,D000310,?Œì‹,?¬í…Œ?´í† ?¼ì,250,628,28,25.5,71.6,8.5,Potato pizza
176,176,D000313-ZZ-AVG,D000313,?Œì‹,?˜ì •ê³?150.0,133,0.6,5.5,20.3,20.7,0,Sujeonggwa
177,177,D000314-ZZ-AVG,D000314,?Œì‹,?í˜œ,150,130.1,2.3,2.6,24.3,17,Sikhye
178,178,D000316-ZZ-AVG,D000316,?Œì‹,ê°„ì¥ë§ˆëŠ˜ì«‘ì¥?„ì°Œ,50,30,1,0.5,5.4,3.9,Pickled soy sauce garlic jjong
179,179,D000317-ZZ-AVG,D000317,?Œì‹,ê³ ì¶”?¥ë§ˆ?˜ì«‘?¥ì•„ì°?50.0,55,1.3,0.9,10.5,5.6,0,Pickled red pepper paste garlic jjong
180,180,D000321-ZZ-AVG,D000321,?Œì‹,ë§¤ì‹¤?¥ì•„ì°?30.0,72.9,0.5,0.1,17.4,11.4,0,Pickled plums
181,181,D000322-ZZ-AVG,D000322,?Œì‹,ë¬´ì¥?„ì°Œ,30,23.9,0.4,0.2,5,2.9,Pickled radish
182,182,D000326-ZZ-AVG,D000326,?Œì‹,ê³„ì ,250,488.1,57.7,30.4,0,0,a metamus
183,183,D000327-ZZ-AVG,D000327,?Œì‹,?™ì?ê¼¬ì?,80,75.4,13.1,1.3,2.8,0,Octopus skewer
184,184,D000328-ZZ-AVG,D000328,?Œì‹,?”ë² ê¸°ì ,100,159.5,30.1,7.4,0,0,Dombegijeok
185,185,D000329-ZZ-AVG,D000329,?Œì‹,?Œê³ ê¸°ì‚°??200.0,453.1,48.4,25.6,7.3,0,0,Beef sanjeok
186,186,D000330-ZZ-AVG,D000330,?Œì‹,?Œë¼?°ì ,80,120.1,17.9,2.5,6.5,0.8,Sora sanjeok
187,187,D000331-ZZ-AVG,D000331,?Œì‹,?¤ì§•?´ì‚°??80.0,101.7,17.4,2,3.6,0.9,0,Squid sanjeok
188,188,D000332-ZZ-AVG,D000332,?Œì‹,?ì–´??100.0,89.2,23.6,0.7,0,0.3,0,skate-like
189,189,D000333-ZZ-AVG,D000333,?Œì‹,?í•©?°ì ,80,156.7,17.8,4.8,10.6,3.3,mussel acid
190,190,D000334-ZZ-AVG,D000334,?Œì‹,ê°€?ë???150.0,230.3,25.8,11.1,6.9,0.3,0,Gajamijeon
191,191,D000336-ZZ-AVG,D000336,?Œì‹,ê³ ì¶”??150.0,274.7,12.9,17.2,17,2.2,0,red pepper pancake
192,192,D000337-ZZ-AVG,D000337,?Œì‹,êµ´ì „,100,195,10.6,10.5,14.5,1.3,Oyster pancake
193,193,D000339-ZZ-AVG,D000339,?Œì‹,ê¹»ì??150.0,361.1,17.7,25.8,14.5,1.1,0,perilla leaf pancake
194,194,D000340-ZZ-AVG,D000340,?Œì‹,?¹ë‘ë¹ˆë???100.0,207.9,7.9,10.3,20.9,0.1,0,mung bean pancake
195,195,D000342-ZZ-AVG,D000342,?Œì‹,?™ê·¸?‘ë•¡(?¡ì›??,150,309.2,19.6,20,12.7,1,Meatballs (Yukwonjeon)
196,196,D000343-ZZ-AVG,D000343,?Œì‹,?™íƒœ??150.0,268,22.6,15,10.5,0.2,0,Dongtaejeon
197,197,D000345-ZZ-AVG,D000345,?Œì‹,?ë???150.0,254.6,20.5,15.9,7.5,0,0,tofu pancake
198,198,D000346-ZZ-AVG,D000346,?Œì‹,ë¯¸ë‚˜ë¦¬ì „,150,226.4,5.2,7.6,34.2,1.7,Minarijeon
199,199,D000347-ZZ-AVG,D000347,?Œì‹,ë°°ì¶”??150.0,240.7,5.2,8.7,35.5,5,0,Cabbage pancake
200,200,D000348-ZZ-AVG,D000348,?Œì‹,ë²„ì„¯??150.0,240.7,10.5,14.9,16.2,2.7,0,Mushroom pancake
201,201,D000350-ZZ-AVG,D000350,?Œì‹,?¼ì±„??100.0,194,5.4,9.5,21.6,2.4,0,vegetable pancake
202,202,D000351-ZZ-AVG,D000351,?Œì‹,?Œì „,150,292.8,6.8,14,34.8,0.8,Pajeon
203,203,D000353-ZZ-AVG,D000353,?Œì‹,?„ë?ì¹?100.0,244,11.3,17.1,11.3,1,0,Ham pancake
204,204,D000354-ZZ-AVG,D000354,?Œì‹,?¸ë°•ë¶€ì¹¨ê°œ,100,129,3.9,8.1,10.1,3.6,Pumpkin pancake
205,205,D000355-ZZ-AVG,D000355,?Œì‹,?¸ë°•??150.0,208.1,6.5,13.1,16.1,2.8,0,Pumpkin pancake
206,206,D000356-ZZ-AVG,D000356,?Œì‹,?”ì–‘??150.0,272.6,13.6,14.8,21.3,1.2,0,harmonious
207,207,D000357-ZZ-AVG,D000357,?Œì‹,ê°€?ë?ì¡°ë¦¼,300,298,37.1,7.1,21.5,10.5,Braised halibut
208,208,D000360-ZZ-AVG,D000360,?Œì‹,ê³ ì¶”ì¡°ë¦¼,100,111,3.3,4.9,13.4,7.1,Braised red pepper
209,209,D000362-ZZ-AVG,D000362,?Œì‹,?™íƒœì¡°ë¦¼,250,276,40.8,4.7,17.4,10.2,Braised frozen pollack
210,210,D000363-ZZ-AVG,D000363,?Œì‹,?¼ì?ê³ ê¸°ë©”ì¶”ë¦¬ì•Œ?¥ì¡°ë¦?50.0,63.5,8.3,1.9,3.4,1.3,0,Braised pork quail eggs
211,211,D000366-ZZ-AVG,D000366,?Œì‹,ë¶ì–´ì¡°ë¦¼,100,181.9,20.8,3.3,17.1,8.2,Braised dried pollack
212,212,D000367-ZZ-AVG,D000367,?Œì‹,?Œê³ ê¸°ë©”ì¶”ë¦¬?Œì¥ì¡°ë¦¼,50,60.7,8.1,1.8,2.9,0.7,Braised Beef Quail Egg
213,213,D000370-ZZ-AVG,D000370,?Œì‹,ì¡°ê¸°ì¡°ë¦¼,300,384,41.1,18.8,12.8,4.5,Boiled corvina
214,214,D000372-ZZ-AVG,D000372,?Œì‹,ê²Œì‚´ì£?800.0,564.8,17.9,7.1,107.3,0.2,0,Crab meat porridge
215,215,D000373-ZZ-AVG,D000373,?Œì‹,ê¹¨ì£½,800,515.3,13.7,15.9,79.3,3.6,sesame porridge
216,216,D000375-109-AVG,D000375,?Œì‹,ë°±í•©ì£?700.0,455.3,16.5,5.6,84.7,0,0,Lilies porridge
217,217,D000376-ZZ-AVG,D000376,?Œì‹,?Œê³ ê¸°ë²„??£½,800,578.3,18.7,7.5,109,0.3,Beef mushroom porridge
218,218,D000377-110-AVG,D000377,?Œì‹,?´ì£½,800,552.1,20.4,7.5,100.8,9.8,Eojuk
219,219,D000378-ZZ-AVG,D000378,?Œì‹,?£ì£½,700,874.5,19.2,19.6,155.3,2.4,Pine nut porridge
220,220,D000380-ZZ-AVG,D000380,?Œì‹,ì°¸ì¹˜ì£?800.0,659.6,24.2,16.1,104.6,1.4,0,Tuna porridge
221,221,D000384-ZZ-AVG,D000384,?Œì‹,ê³ ë“±?´ì°Œê°?600.0,601.6,48.9,33.7,25.6,7.4,0,mackerel stew
222,222,D000385-ZZ-AVG,D000385,?Œì‹,ê¹€ì¹˜ì°Œê°?400.0,243,15.1,15,11.9,3,0,Kimchi stew
223,223,D000386-ZZ-AVG,D000386,?Œì‹,ê½ì¹˜ì°Œê°œ,300,355,24,23.3,12.2,5.9,Saury stew
224,224,D000389-ZZ-AVG,D000389,?Œì‹,?ë??„ê³¨,500,315.2,25.6,16.1,17.1,3.5,Tofu hot pot
225,225,D000390-ZZ-AVG,D000390,?Œì‹,ë²„ì„¯ì°Œê°œ,400,167.6,14.7,5.2,15.4,4.4,Mushroom stew
226,226,D000392-111-AVG,D000392,?Œì‹,ë¶€?€ì°Œê°œ,600,399.5,18.4,18.6,39.7,6.2,Spicy Sausage Stew
227,227,D000393-ZZ-AVG,D000393,?Œì‹,?ˆìš°?“ë‘ë¶€ì°Œê°œ,300,166,16.2,8.1,7.2,1.7,salted shrimp tofu stew
228,228,D000394-ZZ-AVG,D000394,?Œì‹,?Œê³±ì°½ì „ê³?600.0,529,41.6,27.3,29.2,2.3,0,Beef Tripe Stew
229,229,D000399-ZZ-AVG,D000399,?Œì‹,?„ê?ì¹˜ì°Œê°?300.0,189,11.1,10.4,12.7,3.6,0,ham kimchi stew
230,230,D000400-ZZ-AVG,D000400,?Œì‹,?¸ë°•ì°Œê°œ,300,95,5.6,2.6,12.2,5.8,Pumpkin stew
231,231,D000404-ZZ-AVG,D000404,?Œì‹,?€êµ¬ì°œ,500,376.4,51.7,7.9,24.7,5.7,steamed cod
232,232,D000405-ZZ-AVG,D000405,?Œì‹,?„ë?ì°?100.0,125.5,23,3.5,0.5,0,0,Steamed sea bream
233,233,D000406-ZZ-AVG,D000406,?Œì‹,?™íƒœì°?500.0,394.3,50.9,9.7,25.8,5.7,0,Braised frozen pollack
234,234,D000408-ZZ-AVG,D000408,?Œì‹,?¼ì??±ê°ˆë¹„ì°œ,450,961,72.1,49.2,57.4,24.1,Braised Back Ribs
235,235,D000409-ZZ-AVG,D000409,?Œì‹,?¼ì?ë¨¸ë¦¬ê³ ê¸°,200,650,42.4,52,3.5,0.1,Pork head meat
236,236,D000410-112-AVG,D000410,?Œì‹,ë§¤ìš´ê°ˆë¹„ì°?300.0,517.4,61.3,19.7,23.7,10.7,0,Spicy Braised Short Ribs
237,237,D000411-ZZ-AVG,D000411,?Œì‹,ë¬¸ì–´?™íšŒ,80,66.9,14.9,0.5,0.7,0,Parish of Octopus
238,238,D000412-ZZ-AVG,D000412,?Œì‹,ë¯¼ì–´ì°?100.0,136.9,21.5,5.9,0,0,0,steamed croaker
239,239,D000413-ZZ-AVG,D000413,?Œì‹,ë³‘ì–´ì°?100.0,179.7,18.9,11.5,0.2,0,0,steamed eel
240,240,D000414-ZZ-AVG,D000414,?Œì‹,ë¶ì–´ì°?150.0,235,28.1,5.7,18,6.4,0,steamed dried pollack
241,241,D000415-100-AVG,D000415,?Œì‹,ë¶•ì–´ì°?1100.0,835.6,54.3,36.9,71.6,16.2,0,steamed carp
242,242,D000416-ZZ-AVG,D000416,?Œì‹,?Œê°ˆë¹„ì°œ,250,494.6,49.9,27,13.1,4.3,Braised Short Ribs
243,243,D000417-ZZ-AVG,D000417,?Œì‹,?œë? ,300,542.4,19.6,25.6,58.4,3.5,Sundae
244,244,D000418-ZZ-AVG,D000418,?Œì‹,?„êµ¬ì°?400.0,310.9,48.3,5.3,17.5,0.7,0,steamed monkfish
245,245,D000419-29-AVG,D000419,?Œì‹,?„êµ¬ì°?750.0,492.3,65.4,6.5,43.1,8.2,0,steamed monkfish
246,246,D000420-113-AVG,D000420,?Œì‹,?ˆë™ì°œë‹­,1500,1364.2,114.2,38.8,139.5,66.8,Andong jjimdak
247,247,D000421-ZZ-AVG,D000421,?Œì‹,?„ì–´ì°?100.0,278.2,17.3,23,0.6,0,0,Steamed gizzardfish
248,248,D000422-ZZ-AVG,D000422,?Œì‹,ì¡°ê¸°ì°?100.0,182.1,20.1,10.6,1.6,0,0,Steamed corvina
249,249,D000424-ZZ-AVG,D000424,?Œì‹,ì°¸ê¼¬ë§?80.0,90.8,12.5,2.5,4.6,0,0,Charm kkomak
250,250,D000425-ZZ-AVG,D000425,?Œì‹,?œë°©?¤ë¦¬ë°±ìˆ™,300,469.5,68.8,20.1,3.4,0.4,Oriental medicine duck baeksuk
251,251,D000426-ZZ-AVG,D000426,?Œì‹,?´ë¬¼ì°?500.0,400.1,42.6,9.8,35.4,5.5,0,steamed seafood
252,252,D000427-ZZ-AVG,D000427,?Œì‹,?ì–´ì°?250.0,202.7,47.1,1,1.2,1.2,0,steamed skate
253,253,D000428-51-AVG,D000428,?Œì‹,ê°ˆë‚™??400.0,261.8,35.8,12.8,0.8,1.3,0,Galnaktang
254,254,D000432-114-AVG,D000432,?Œì‹,ê³°íƒ•,300,183.3,19.4,3.7,18.1,0.5,Beef-bone soup 
255,255,D000433-ZZ-AVG,D000433,?Œì‹,ê´‘ì–´ë§¤ìš´??600.0,419.8,58.4,16.6,9.1,1.4,0,Spicy flatfish soup
256,256,D000436-ZZ-AVG,D000436,?Œì‹,?™ì???600.0,187.8,29.4,3.2,10.4,1.9,0,Octopus soup
257,257,D000440-ZZ-AVG,D000440,?Œì‹,?€êµ¬ë§¤?´íƒ•,600,361.7,57.4,7.2,16.8,1.1,Daegu spicy soup
258,258,D000441-ZZ-AVG,D000441,?Œì‹,?€êµ¬ì?ë¦¬íƒ•,600,262,41.6,6.2,9.9,1.5,codfish stew
259,259,D000443-ZZ-AVG,D000443,?Œì‹,ë©”ê¸°ë§¤ìš´??600.0,400,28.6,10.2,48.6,5.7,0,Spicy catfish soup
260,260,D000444-ZZ-AVG,D000444,?Œì‹,ë³µì?ë¦¬íƒ•,600,232.1,41.7,2.7,10.3,1.4,Welfare Ritang
261,261,D000447-ZZ-AVG,D000447,?Œì‹,?Œíƒ•,150,86.4,7.7,5.3,1.9,0,Sweeping up
262,262,D000448-ZZ-AVG,D000448,?Œì‹,?„êµ¬??600.0,246.1,37.8,4.9,12.8,1.8,0,Agutang
263,263,D000450-ZZ-AVG,D000450,?Œì‹,?´íƒ•,150,85.9,12.7,3.1,1.8,0,Fish soup
264,264,D000451-ZZ-AVG,D000451,?Œì‹,?°í¬??1000.0,541.6,94.9,9,20.2,0.2,0,Yeonpo-tang
265,265,D000453-ZZ-AVG,D000453,?Œì‹,?°ëŸ­ë§¤ìš´??600.0,406.8,52.1,17,11.2,1.1,0,Spicy rockfish soup
266,266,D000454-ZZ-AVG,D000454,?Œì‹,?¡íƒ•,150,87.6,12.7,4,0.4,0,Beef broth
267,267,D000456-ZZ-AVG,D000456,?Œì‹,?„ë³µ??600.0,196.9,26.8,3,15.8,1.3,0,Abalone soup
268,268,D000457-ZZ-AVG,D000457,?Œì‹,ì¡°ê¸°ë§¤ìš´??600.0,384.4,35.1,19.4,17.3,4.3,0,Spicy corvina soup
269,269,D000458-115-AVG,D000458,?Œì‹,ì§±ëš±?´íƒ•,600,188.8,11.5,8.5,16.6,2.4,Jjangddoong fish soup
270,270,D000460-116-AVG,D000460,?Œì‹,ì¶”ì–´??1000.0,316.7,22.7,13.2,26.8,0,0,Chueotang
271,271,D000461-ZZ-AVG,D000461,?Œì‹,?´ë¬¼??600.0,267.8,39.8,4.7,16.6,0.8,0,Seafood stew
272,272,D000463-ZZ-AVG,D000463,?Œì‹,ê³ êµ¬ë§ˆë§›??200.0,491,3.3,11,94.6,38.7,0,sweet potato mattang
273,273,D000464-ZZ-AVG,D000464,?Œì‹,ê³ êµ¬ë§ˆí?ê¹€,100,253,2.7,11.9,33.8,7.7,Fried sweet potatoes
274,274,D000465-ZZ-AVG,D000465,?Œì‹,ê³ ì¶”?€ê¹€,100,202,7.6,12.6,14.6,2.3,Fried chili pepper
275,275,D000468-ZZ-AVG,D000468,?Œì‹,???ê¹€,300,903,65.2,49.7,48.8,1.5,Fried chicken
276,276,D000469-ZZ-AVG,D000469,?Œì‹,?±ì‹¬?ˆê???200.0,623.8,33,37.5,38.5,3.7,0,Sirloin Pork Cutlet
277,277,D000470-112-AVG,D000470,?Œì‹,ëª¨ë˜ì§‘í?ê¹€,150,468.4,28.1,26.6,29.1,1.8,Fried Sandhouse
278,278,D000471-ZZ-AVG,D000471,?Œì‹,ë¯¸ê¾¸?¼ì??€ê¹€,100,387.5,10.9,25.4,28.9,0.3,Fried loach
279,279,D000473-ZZ-AVG,D000473,?Œì‹,?ì„ ê¹ŒìŠ¤,200,653.4,24.3,41.1,46.6,2,Fish cutlets
280,280,D000474-ZZ-AVG,D000474,?Œì‹,?ˆì‹¬?ˆê???200.0,651.8,33.3,42.4,34.3,2.8,0,tenderloin pork cutlet
281,281,D000475-ZZ-AVG,D000475,?Œì‹,?‘ë…ì¹˜í‚¨,200,552,35.5,26.8,42.3,12.5,seasoned spicy chicken
282,282,D000477-ZZ-AVG,D000477,?Œì‹,ì¥í¬?€ê¹€,100,356.9,9.6,16.5,42.5,8,Fried dried filefish
283,283,D000479-ZZ-AVG,D000479,?Œì‹,ì¹˜ì¦ˆ?ˆê???250.0,755.4,42,46.7,41.8,3.6,0,Cheese pork cutlet
284,284,D000480-ZZ-AVG,D000480,?Œì‹,ì¹˜í‚¨ê¹ŒìŠ¤,200,593,27.9,33.9,44,4.2,Chicken cutlet
285,285,D000481-ZZ-AVG,D000481,?Œì‹,?€êµ¬í¬,100,140.8,32,0.4,2.3,0,dried codfish
286,286,D000482-ZZ-AVG,D000482,?Œì‹,ë¶ì–´??20.0,66.5,15.4,0.4,0.3,0.2,0,dried pollack
287,287,D000483-ZZ-AVG,D000483,?Œì‹,ë§¤ì‘ê³?30.0,123.9,2.3,3.9,19.8,4.9,0,falconism
288,288,D000484-ZZ-AVG,D000484,?Œì‹,?°ì,30,109.7,0.7,0.9,24.7,9.4,the living
289,289,D000485-ZZ-AVG,D000485,?Œì‹,?¡í™”?¤ì‹,30,110.8,2.5,1.3,22.2,8,Songhwa Vershik
290,290,D000486-ZZ-AVG,D000486,?Œì‹,?½ê³¼,30,119.7,1.3,1.4,25.5,5.1,Yakgwa
291,291,D000487-ZZ-AVG,D000487,?Œì‹,? ê³¼,30,127.1,0.8,3.8,22.3,7.2,Yugwa
292,292,D000488-ZZ-AVG,D000488,À½½Ä,»ø·¯µå,140,138,2,8,13,13,green-salad
293,293,D000489-ZZ-AVG,D000488,À½½Ä,Ä¿Æ²·¿Ä«·¹,200,328,15,14,35,0,cutlet-curry
294,294,D000490-ZZ-AVG,D000489,À½½Ä,ÀåÁ¶¸²,30,17,1,1,0.3,0,seasoned-beef-with-potatoes
